Id,Position,First Name,Nickname,Last Name,FPPG,Played,Salary,MVP 1.5x Salary,Game,Team,Opponent,Injury Indicator,Injury Details,Tier,,,Roster Position
134921-129368,RB,Jahmyr,Jahmyr Gibbs,Gibbs,30.76666768391927,3,13800,20700,DET@CAR,DET,CAR,,,,,,MVP - 1.5X Points/AnyFLEX
134921-86997,WR,Amon-Ra,Amon-Ra St. Brown,St. Brown,22.433334350585938,3,12600,18900,DET@CAR,DET,CAR,,,,,,MVP - 1.5X Points/AnyFLEX
134921-38435,QB,Jared,Jared Goff,Goff,22.860000610351562,3,12200,18300,DET@CAR,DET,CAR,,,,,,MVP - 1.5X Points/AnyFLEX
134921-119606,QB,Bryce,Bryce Young,Young,24.720001220703125,3,11800,17700,DET@CAR,CAR,DET,,,,,,MVP - 1.5X Points/AnyFLEX
134921-87467,RB,Chuba,Chuba Hubbard,Hubbard,16.1999994913737,3,10600,15900,DET@CAR,CAR,DET,,,,,,MVP - 1.5X Points/AnyFLEX
134921-167620,WR,Tetairoa,Tetairoa McMillan,McMillan,8.766666412353516,3,9400,14100,DET@CAR,CAR,DET,,,,,,MVP - 1.5X Points/AnyFLEX
134921-201547,WR,Jalen,Jalen Coker,Coker,15.40000025431315,3,8200,12300,DET@CAR,CAR,DET,Q,Quadriceps,,,,MVP - 1.5X Points/AnyFLEX
134921-40407,QB,Joshua,Joshua Dobbs,Dobbs,0,1,8000,12000,DET@CAR,DET,CAR,,,,,,MVP - 1.5X Points/AnyFLEX
134921-92020,QB,Kenny,Kenny Pickett,Pickett,0.6666666666666666,3,8000,12000,DET@CAR,CAR,DET,,,,,,MVP - 1.5X Points/AnyFLEX
134921-111631,WR,Jameson,Jameson Williams,Williams,5.900000254313151,3,7800,11700,DET@CAR,DET,CAR,,,,,,MVP - 1.5X Points/AnyFLEX
134921-105646,TE,Sam,Sam LaPorta,LaPorta,9.133333206176758,3,7200,10800,DET@CAR,DET,CAR,,,,,,MVP - 1.5X Points/AnyFLEX
134921-140176,K,Jake,Jake Bates,Bates,7,3,6800,10200,DET@CAR,DET,CAR,,,,,,MVP - 1.5X Points/AnyFLEX
134921-12532,D,Detroit,Detroit Lions,Lions,5,3,6600,9900,DET@CAR,DET,CAR,,,,,,MVP - 1.5X Points/AnyFLEX
134921-112021,K,Ryan,Ryan Fitzgerald,Fitzgerald,11,3,6400,9600,DET@CAR,CAR,DET,,,,,,MVP - 1.5X Points/AnyFLEX
134921-12553,D,Carolina,Carolina Panthers,Panthers,10,3,6200,9300,DET@CAR,CAR,DET,,,,,,MVP - 1.5X Points/AnyFLEX
134921-25011,TE,Darren,Darren Waller,Waller,9.40000025431315,3,6000,9000,DET@CAR,CAR,DET,,,,,,MVP - 1.5X Points/AnyFLEX
134921-89627,WR,Brycen,Brycen Tremayne,Tremayne,3.433333396911621,3,5200,7800,DET@CAR,CAR,DET,,,,,,MVP - 1.5X Points/AnyFLEX
134921-183488,WR,Isaac,Isaac TeSlaa,TeSlaa,3.8999999364217124,3,5000,7500,DET@CAR,DET,CAR,,,,,,MVP - 1.5X Points/AnyFLEX
134921-91098,WR,Lawrence,Lawrence Keys III,Keys III,,0,5000,7500,DET@CAR,DET,CAR,,,,,,MVP - 1.5X Points/AnyFLEX
134921-114198,WR,Xavier,Xavier Legette,Legette,2.4666666984558105,3,4800,7200,DET@CAR,CAR,DET,D,Knee,,,,MVP - 1.5X Points/AnyFLEX
134921-102696,WR,John,John Metchie III,Metchie III,4.449999809265137,2,4600,6900,DET@CAR,CAR,DET,,,,,,MVP - 1.5X Points/AnyFLEX
134921-93107,RB,AJ,AJ Dillon,Dillon,1.4666666984558105,3,4000,6000,DET@CAR,CAR,DET,,,,,,MVP - 1.5X Points/AnyFLEX
134921-168076,RB,Sione,Sione Vaki,Vaki,3,3,3400,5100,DET@CAR,DET,CAR,,,,,,MVP - 1.5X Points/AnyFLEX
134921-91101,TE,Tommy,Tommy Tremble,Tremble,3.5,3,3000,4500,DET@CAR,CAR,DET,,,,,,MVP - 1.5X Points/AnyFLEX
134921-154124,TE,Mitchell,Mitchell Evans,Evans,2.7666667302449546,3,2600,3900,DET@CAR,CAR,DET,,,,,,MVP - 1.5X Points/AnyFLEX
134921-91046,TE,Brock,Brock Wright,Wright,0.9000000158945719,3,2400,3600,DET@CAR,DET,CAR,,,,,,MVP - 1.5X Points/AnyFLEX
134921-79987,WR,David,David Moore,Moore,0,1,2000,3000,DET@CAR,CAR,DET,,,,,,MVP - 1.5X Points/AnyFLEX
134921-151799,WR,Jackson,Jackson Meeks,Meeks,1.2999999523162842,1,1800,2700,DET@CAR,DET,CAR,,,,,,MVP - 1.5X Points/AnyFLEX
134921-185827,RB,Jacob,Jacob Saylors,Saylors,0,3,1600,2400,DET@CAR,DET,CAR,,,,,,MVP - 1.5X Points/AnyFLEX
134921-60451,TE,Tyler,Tyler Conklin,Conklin,0,1,1400,2100,DET@CAR,DET,CAR,,,,,,MVP - 1.5X Points/AnyFLEX
134921-158983,TE,Ja'Tavion,Ja'Tavion Sanders,Sanders,0,1,1200,1800,DET@CAR,CAR,DET,,,,,,MVP - 1.5X Points/AnyFLEX
134921-152603,RB,Anthony,Anthony Tyus III,Tyus III,0,1,1200,1800,DET@CAR,CAR,DET,,,,,,MVP - 1.5X Points/AnyFLEX
134921-129081,RB,Ahmani,Ahmani Marshall,Marshall,,0,1200,1800,DET@CAR,CAR,DET,,,,,,MVP - 1.5X Points/AnyFLEX
134921-110977,TE,Thomas,Thomas Gordon,Gordon,,0,1000,1500,DET@CAR,DET,CAR,,,,,,MVP - 1.5X Points/AnyFLEX
134921-151938,QB,Luke,Luke Altmyer,Altmyer,,0,1000,1500,DET@CAR,DET,CAR,,,,,,MVP - 1.5X Points/AnyFLEX
134921-93845,WR,Tay,Tay Martin,Martin,0,3,1000,1500,DET@CAR,DET,CAR,,,,,,MVP - 1.5X Points/AnyFLEX
134921-175126,WR,Chris,Chris Brazzell II,Brazzell II,,0,1000,1500,DET@CAR,CAR,DET,IR,Knee,,,,MVP - 1.5X Points/AnyFLEX
134921-174494,TE,Miles,Miles Kitselman,Kitselman,,0,1000,1500,DET@CAR,DET,CAR,,,,,,MVP - 1.5X Points/AnyFLEX
134921-92575,RB,Isiah,Isiah Pacheco,Pacheco,5.984615619365986,13,1000,1500,DET@CAR,DET,CAR,IR,Back,,,,MVP - 1.5X Points/AnyFLEX
134921-112037,WR,Casey,Casey Washington,Washington,2.4799999237060546,5,1000,1500,DET@CAR,CAR,DET,,,,,,MVP - 1.5X Points/AnyFLEX
134921-128944,QB,Haynes,Haynes King,King,0,1,1000,1500,DET@CAR,CAR,DET,,,,,,MVP - 1.5X Points/AnyFLEX
134921-69302,TE,Feleipe,Feleipe Franks,Franks,0,3,1000,1500,DET@CAR,CAR,DET,,,,,,MVP - 1.5X Points/AnyFLEX
134921-226875,WR,Ja'seem,Ja'seem Reed,Reed,,0,1000,1500,DET@CAR,CAR,DET,,,,,,MVP - 1.5X Points/AnyFLEX
134921-152128,WR,Dominic,Dominic Lovett,Lovett,0,1,1000,1500,DET@CAR,DET,CAR,,,,,,MVP - 1.5X Points/AnyFLEX
134921-104388,WR,Tom,Tom Kennedy,Kennedy,0,3,1000,1500,DET@CAR,DET,CAR,,,,,,MVP - 1.5X Points/AnyFLEX
134921-63967,WR,Lucky,Lucky Jackson,Jackson,,0,1000,1500,DET@CAR,DET,CAR,,,,,,MVP - 1.5X Points/AnyFLEX
134921-86113,WR,Ihmir,Ihmir Smith-Marsette,Smith-Marsette,,0,1000,1500,DET@CAR,CAR,DET,,,,,,MVP - 1.5X Points/AnyFLEX
134921-172646,RB,Trevor,Trevor Etienne,Etienne,0.47777779897054035,18,1000,1500,DET@CAR,CAR,DET,IR,Ankle,,,,MVP - 1.5X Points/AnyFLEX
134921-139114,RB,Jabari,Jabari Small,Small,,0,1000,1500,DET@CAR,DET,CAR,,,,,,MVP - 1.5X Points/AnyFLEX
134921-166770,WR,Kendrick,Kendrick Law,Law,,0,1000,1500,DET@CAR,DET,CAR,IR,Knee - acl,,,,MVP - 1.5X Points/AnyFLEX
134921-158968,RB,Jonathon,Jonathon Brooks,Brooks,4.150000095367432,2,1000,1500,DET@CAR,CAR,DET,IR,Abdomen,,,,MVP - 1.5X Points/AnyFLEX