Position,Name + ID,Name,ID,Roster Position,Salary,Game Info,TeamAbbrev,AvgPointsPerGame,Status
RB,Jonathan Taylor (44331958),Jonathan Taylor,44331958,CPT,17400,IND@WAS 10/04/2026 09:30AM ET,IND,21.5,
QB,Jayden Daniels (44331959),Jayden Daniels,44331959,CPT,16200,IND@WAS 10/04/2026 09:30AM ET,WAS,16.2,Q
QB,Daniel Jones (44331960),Daniel Jones,44331960,CPT,15600,IND@WAS 10/04/2026 09:30AM ET,IND,11.1,
QB,Marcus Mariota (44331961),Marcus Mariota,44331961,CPT,14700,IND@WAS 10/04/2026 09:30AM ET,WAS,14.6,
WR,Josh Downs (44331962),Josh Downs,44331962,CPT,13200,IND@WAS 10/04/2026 09:30AM ET,IND,10.9,
TE,Tyler Warren (44331963),Tyler Warren,44331963,CPT,12900,IND@WAS 10/04/2026 09:30AM ET,IND,13.1,
WR,Stefon Diggs (44331964),Stefon Diggs,44331964,CPT,12600,IND@WAS 10/04/2026 09:30AM ET,WAS,14.8,
WR,Terry McLaurin (44331965),Terry McLaurin,44331965,CPT,12300,IND@WAS 10/04/2026 09:30AM ET,WAS,10,
RB,Jonathan Taylor (44331903),Jonathan Taylor,44331903,FLEX,11600,IND@WAS 10/04/2026 09:30AM ET,IND,21.5,
QB,Jayden Daniels (44331904),Jayden Daniels,44331904,FLEX,10800,IND@WAS 10/04/2026 09:30AM ET,WAS,16.2,Q
RB,Rachaad White (44331966),Rachaad White,44331966,CPT,10500,IND@WAS 10/04/2026 09:30AM ET,WAS,10,Q
QB,Daniel Jones (44331905),Daniel Jones,44331905,FLEX,10400,IND@WAS 10/04/2026 09:30AM ET,IND,11.1,
RB,Jacory Croskey-Merritt (44331967),Jacory Croskey-Merritt,44331967,CPT,10200,IND@WAS 10/04/2026 09:30AM ET,WAS,7.9,
WR,Keenan Allen (44331968),Keenan Allen,44331968,CPT,9900,IND@WAS 10/04/2026 09:30AM ET,IND,9.7,Q
QB,Marcus Mariota (44331906),Marcus Mariota,44331906,FLEX,9800,IND@WAS 10/04/2026 09:30AM ET,WAS,14.6,
QB,Sam Hartman (44331969),Sam Hartman,44331969,CPT,9000,IND@WAS 10/04/2026 09:30AM ET,WAS,0,
QB,Riley Leonard (44331970),Riley Leonard,44331970,CPT,9000,IND@WAS 10/04/2026 09:30AM ET,IND,0,
QB,Athan Kaliakmanis (44331971),Athan Kaliakmanis,44331971,CPT,9000,IND@WAS 10/04/2026 09:30AM ET,WAS,0,
QB,Anthony Richardson Sr. (44331972),Anthony Richardson Sr.,44331972,CPT,9000,IND@WAS 10/04/2026 09:30AM ET,IND,0,
WR,Josh Downs (44331907),Josh Downs,44331907,FLEX,8800,IND@WAS 10/04/2026 09:30AM ET,IND,10.9,
TE,Tyler Warren (44331908),Tyler Warren,44331908,FLEX,8600,IND@WAS 10/04/2026 09:30AM ET,IND,13.1,
WR,Stefon Diggs (44331909),Stefon Diggs,44331909,FLEX,8400,IND@WAS 10/04/2026 09:30AM ET,WAS,14.8,
WR,Terry McLaurin (44331910),Terry McLaurin,44331910,FLEX,8200,IND@WAS 10/04/2026 09:30AM ET,WAS,10,
K,Spencer Shrader (44331973),Spencer Shrader,44331973,CPT,7500,IND@WAS 10/04/2026 09:30AM ET,IND,12.7,
K,Drew Stevens (44331974),Drew Stevens,44331974,CPT,7200,IND@WAS 10/04/2026 09:30AM ET,WAS,8.7,
RB,Rachaad White (44331911),Rachaad White,44331911,FLEX,7000,IND@WAS 10/04/2026 09:30AM ET,WAS,10,Q
RB,Jacory Croskey-Merritt (44331912),Jacory Croskey-Merritt,44331912,FLEX,6800,IND@WAS 10/04/2026 09:30AM ET,WAS,7.9,
WR,Keenan Allen (44331913),Keenan Allen,44331913,FLEX,6600,IND@WAS 10/04/2026 09:30AM ET,IND,9.7,Q
TE,Chig Okonkwo (44331975),Chig Okonkwo,44331975,CPT,6600,IND@WAS 10/04/2026 09:30AM ET,WAS,3.6,Q
QB,Sam Hartman (44331914),Sam Hartman,44331914,FLEX,6000,IND@WAS 10/04/2026 09:30AM ET,WAS,0,
QB,Riley Leonard (44331915),Riley Leonard,44331915,FLEX,6000,IND@WAS 10/04/2026 09:30AM ET,IND,0,
QB,Athan Kaliakmanis (44331916),Athan Kaliakmanis,44331916,FLEX,6000,IND@WAS 10/04/2026 09:30AM ET,WAS,0,
QB,Anthony Richardson Sr. (44331917),Anthony Richardson Sr.,44331917,FLEX,6000,IND@WAS 10/04/2026 09:30AM ET,IND,0,
DST,Colts (44331976),Colts,44331976,CPT,6000,IND@WAS 10/04/2026 09:30AM ET,IND,1.7,
WR,Antonio Williams (44331977),Antonio Williams,44331977,CPT,5700,IND@WAS 10/04/2026 09:30AM ET,WAS,8.4,
DST,Commanders (44331978),Commanders,44331978,CPT,5400,IND@WAS 10/04/2026 09:30AM ET,WAS,4,
WR,Darius Slayton (44331979),Darius Slayton,44331979,CPT,5100,IND@WAS 10/04/2026 09:30AM ET,IND,0,
K,Spencer Shrader (44331918),Spencer Shrader,44331918,FLEX,5000,IND@WAS 10/04/2026 09:30AM ET,IND,12.7,
K,Drew Stevens (44331919),Drew Stevens,44331919,FLEX,4800,IND@WAS 10/04/2026 09:30AM ET,WAS,8.7,
WR,Laquon Treadwell (44331980),Laquon Treadwell,44331980,CPT,4800,IND@WAS 10/04/2026 09:30AM ET,IND,4,
WR,Dyami Brown (44331981),Dyami Brown,44331981,CPT,4500,IND@WAS 10/04/2026 09:30AM ET,WAS,1.7,
TE,Chig Okonkwo (44331920),Chig Okonkwo,44331920,FLEX,4400,IND@WAS 10/04/2026 09:30AM ET,WAS,3.6,Q
TE,Ben Sinnott (44331982),Ben Sinnott,44331982,CPT,4200,IND@WAS 10/04/2026 09:30AM ET,WAS,0.5,Q
DST,Colts (44331921),Colts,44331921,FLEX,4000,IND@WAS 10/04/2026 09:30AM ET,IND,1.7,
RB,Seth McGowan (44331983),Seth McGowan,44331983,CPT,3900,IND@WAS 10/04/2026 09:30AM ET,IND,0.8,
WR,Antonio Williams (44331922),Antonio Williams,44331922,FLEX,3800,IND@WAS 10/04/2026 09:30AM ET,WAS,8.4,
DST,Commanders (44331923),Commanders,44331923,FLEX,3600,IND@WAS 10/04/2026 09:30AM ET,WAS,4,
TE,John Bates (44331984),John Bates,44331984,CPT,3600,IND@WAS 10/04/2026 09:30AM ET,WAS,1.7,
WR,Darius Slayton (44331924),Darius Slayton,44331924,FLEX,3400,IND@WAS 10/04/2026 09:30AM ET,IND,0,
RB,Austin Ekeler (44353817),Austin Ekeler,44353817,CPT,3300,IND@WAS 10/04/2026 09:30AM ET,WAS,0,
WR,Laquon Treadwell (44331925),Laquon Treadwell,44331925,FLEX,3200,IND@WAS 10/04/2026 09:30AM ET,IND,4,
WR,Dyami Brown (44331926),Dyami Brown,44331926,FLEX,3000,IND@WAS 10/04/2026 09:30AM ET,WAS,1.7,
WR,Treylon Burks (44331985),Treylon Burks,44331985,CPT,3000,IND@WAS 10/04/2026 09:30AM ET,WAS,4.7,
TE,Ben Sinnott (44331927),Ben Sinnott,44331927,FLEX,2800,IND@WAS 10/04/2026 09:30AM ET,WAS,0.5,Q
RB,Seth McGowan (44331928),Seth McGowan,44331928,FLEX,2600,IND@WAS 10/04/2026 09:30AM ET,IND,0.8,
TE,John Bates (44331929),John Bates,44331929,FLEX,2400,IND@WAS 10/04/2026 09:30AM ET,WAS,1.7,
TE,Mo Alie-Cox (44331986),Mo Alie-Cox,44331986,CPT,2400,IND@WAS 10/04/2026 09:30AM ET,IND,0.9,Q
RB,Austin Ekeler (44353816),Austin Ekeler,44353816,FLEX,2200,IND@WAS 10/04/2026 09:30AM ET,WAS,0,
RB,Kaytron Allen (44331987),Kaytron Allen,44331987,CPT,2100,IND@WAS 10/04/2026 09:30AM ET,WAS,1.3,
WR,Treylon Burks (44331930),Treylon Burks,44331930,FLEX,2000,IND@WAS 10/04/2026 09:30AM ET,WAS,4.7,
WR,Deion Burks (44331988),Deion Burks,44331988,CPT,1800,IND@WAS 10/04/2026 09:30AM ET,IND,0.5,
TE,Mo Alie-Cox (44331931),Mo Alie-Cox,44331931,FLEX,1600,IND@WAS 10/04/2026 09:30AM ET,IND,0.9,Q
WR,Jaylin Lane (44331989),Jaylin Lane,44331989,CPT,1500,IND@WAS 10/04/2026 09:30AM ET,WAS,1.5,
RB,Kaytron Allen (44331932),Kaytron Allen,44331932,FLEX,1400,IND@WAS 10/04/2026 09:30AM ET,WAS,1.3,
WR,Deion Burks (44331933),Deion Burks,44331933,FLEX,1200,IND@WAS 10/04/2026 09:30AM ET,IND,0.5,
WR,Ashton Dulin (44331990),Ashton Dulin,44331990,CPT,1200,IND@WAS 10/04/2026 09:30AM ET,IND,0,
WR,Jaylin Lane (44331934),Jaylin Lane,44331934,FLEX,1000,IND@WAS 10/04/2026 09:30AM ET,WAS,1.5,
TE,Colson Yankoff (44331991),Colson Yankoff,44331991,CPT,900,IND@WAS 10/04/2026 09:30AM ET,WAS,1.2,
WR,Ashton Dulin (44331935),Ashton Dulin,44331935,FLEX,800,IND@WAS 10/04/2026 09:30AM ET,IND,0,
TE,Colson Yankoff (44331936),Colson Yankoff,44331936,FLEX,600,IND@WAS 10/04/2026 09:30AM ET,WAS,1.2,
RB,DJ Giddens (44331992),DJ Giddens,44331992,CPT,600,IND@WAS 10/04/2026 09:30AM ET,IND,0,
RB,DJ Giddens (44331937),DJ Giddens,44331937,FLEX,400,IND@WAS 10/04/2026 09:30AM ET,IND,0,
RB,Robert Henry Jr. (44331993),Robert Henry Jr.,44331993,CPT,300,IND@WAS 10/04/2026 09:30AM ET,WAS,0,
RB,Davon Booth (44331994),Davon Booth,44331994,CPT,300,IND@WAS 10/04/2026 09:30AM ET,IND,0,
RB,Craig Reynolds (44331995),Craig Reynolds,44331995,CPT,300,IND@WAS 10/04/2026 09:30AM ET,WAS,0,
RB,Jeremy McNichols (44331996),Jeremy McNichols,44331996,CPT,300,IND@WAS 10/04/2026 09:30AM ET,WAS,0,IR
WR,Alec Pierce (44331997),Alec Pierce,44331997,CPT,300,IND@WAS 10/04/2026 09:30AM ET,IND,6.1,IR
WR,Eli Pancol (44331998),Eli Pancol,44331998,CPT,300,IND@WAS 10/04/2026 09:30AM ET,IND,0,
WR,Jaden Bradley (44331999),Jaden Bradley,44331999,CPT,300,IND@WAS 10/04/2026 09:30AM ET,WAS,0,
WR,Nick Westbrook-Ikhine (44332000),Nick Westbrook-Ikhine,44332000,CPT,300,IND@WAS 10/04/2026 09:30AM ET,IND,0,
WR,Van Jefferson (44332001),Van Jefferson,44332001,CPT,300,IND@WAS 10/04/2026 09:30AM ET,WAS,0,
WR,River Cracraft (44332002),River Cracraft,44332002,CPT,300,IND@WAS 10/04/2026 09:30AM ET,WAS,0,Q
WR,D.J. Montgomery (44332003),D.J. Montgomery,44332003,CPT,300,IND@WAS 10/04/2026 09:30AM ET,IND,0,IR
WR,Luke McCaffrey (44332004),Luke McCaffrey,44332004,CPT,300,IND@WAS 10/04/2026 09:30AM ET,WAS,0,
WR,Anthony Gould (44332005),Anthony Gould,44332005,CPT,300,IND@WAS 10/04/2026 09:30AM ET,IND,0,
TE,Pharaoh Brown (44332006),Pharaoh Brown,44332006,CPT,300,IND@WAS 10/04/2026 09:30AM ET,IND,0,
TE,Kenny Fletcher Jr. (44332007),Kenny Fletcher Jr.,44332007,CPT,300,IND@WAS 10/04/2026 09:30AM ET,IND,0,
TE,Jack Westover (44332008),Jack Westover,44332008,CPT,300,IND@WAS 10/04/2026 09:30AM ET,WAS,0,
TE,Tyler Ott (44332009),Tyler Ott,44332009,CPT,300,IND@WAS 10/04/2026 09:30AM ET,WAS,0,
TE,Carson Towt (44332010),Carson Towt,44332010,CPT,300,IND@WAS 10/04/2026 09:30AM ET,IND,0,IR
TE,Will Mallory (44332011),Will Mallory,44332011,CPT,300,IND@WAS 10/04/2026 09:30AM ET,IND,0,IR
TE,Drew Ogletree (44332012),Drew Ogletree,44332012,CPT,300,IND@WAS 10/04/2026 09:30AM ET,IND,0,
RB,Robert Henry Jr. (44331938),Robert Henry Jr.,44331938,FLEX,200,IND@WAS 10/04/2026 09:30AM ET,WAS,0,
RB,Davon Booth (44331939),Davon Booth,44331939,FLEX,200,IND@WAS 10/04/2026 09:30AM ET,IND,0,
RB,Craig Reynolds (44331940),Craig Reynolds,44331940,FLEX,200,IND@WAS 10/04/2026 09:30AM ET,WAS,0,
RB,Jeremy McNichols (44331941),Jeremy McNichols,44331941,FLEX,200,IND@WAS 10/04/2026 09:30AM ET,WAS,0,IR
WR,Alec Pierce (44331942),Alec Pierce,44331942,FLEX,200,IND@WAS 10/04/2026 09:30AM ET,IND,6.1,IR
WR,Eli Pancol (44331943),Eli Pancol,44331943,FLEX,200,IND@WAS 10/04/2026 09:30AM ET,IND,0,
WR,Jaden Bradley (44331944),Jaden Bradley,44331944,FLEX,200,IND@WAS 10/04/2026 09:30AM ET,WAS,0,
WR,Nick Westbrook-Ikhine (44331945),Nick Westbrook-Ikhine,44331945,FLEX,200,IND@WAS 10/04/2026 09:30AM ET,IND,0,
WR,Van Jefferson (44331946),Van Jefferson,44331946,FLEX,200,IND@WAS 10/04/2026 09:30AM ET,WAS,0,
WR,River Cracraft (44331947),River Cracraft,44331947,FLEX,200,IND@WAS 10/04/2026 09:30AM ET,WAS,0,Q
WR,D.J. Montgomery (44331948),D.J. Montgomery,44331948,FLEX,200,IND@WAS 10/04/2026 09:30AM ET,IND,0,IR
WR,Luke McCaffrey (44331949),Luke McCaffrey,44331949,FLEX,200,IND@WAS 10/04/2026 09:30AM ET,WAS,0,
WR,Anthony Gould (44331950),Anthony Gould,44331950,FLEX,200,IND@WAS 10/04/2026 09:30AM ET,IND,0,
TE,Pharaoh Brown (44331951),Pharaoh Brown,44331951,FLEX,200,IND@WAS 10/04/2026 09:30AM ET,IND,0,
TE,Kenny Fletcher Jr. (44331952),Kenny Fletcher Jr.,44331952,FLEX,200,IND@WAS 10/04/2026 09:30AM ET,IND,0,
TE,Jack Westover (44331953),Jack Westover,44331953,FLEX,200,IND@WAS 10/04/2026 09:30AM ET,WAS,0,
TE,Tyler Ott (44331954),Tyler Ott,44331954,FLEX,200,IND@WAS 10/04/2026 09:30AM ET,WAS,0,
TE,Carson Towt (44331955),Carson Towt,44331955,FLEX,200,IND@WAS 10/04/2026 09:30AM ET,IND,0,IR
TE,Will Mallory (44331956),Will Mallory,44331956,FLEX,200,IND@WAS 10/04/2026 09:30AM ET,IND,0,IR
TE,Drew Ogletree (44331957),Drew Ogletree,44331957,FLEX,200,IND@WAS 10/04/2026 09:30AM ET,IND,0,
